{
  "project_info": {
    "project_number": "616641075532",
    "project_id": "taskapp-b078e",
    "storage_bucket": "taskapp-b078e.appspot.com"
  },
  "client": [
    {
      "client_info": {
        "mobilesdk_app_id": "1:616641075532:android:dd0464ba861dfcde1a97e9",
        "android_client_info": {
          "package_name": "com.internshala.taskapp"
        }
      },
      "oauth_client": [
        {
          "client_id": "616641075532-ge3rheh7uj4p6ec0nl9s5o3j072slmme.apps.googleusercontent.com",
          "client_type": 3
        }
      ],
      "api_key": [
        {
          "current_key": "AIzaSyDaE3T2TFuQkBM8xljn4Ej0Ry_QVs1HTqc"
        }
      ],
      "services": {
        "appinvite_service": {
          "other_platform_oauth_client": [
            {
              "client_id": "616641075532-ge3rheh7uj4p6ec0nl9s5o3j072slmme.apps.googleusercontent.com",
              "client_type": 3
            }
          ]
        }
      }
    }
  ],
  "configuration_version": "1"
}